dataset,runtime_minutes,return_drop_pct
FetchReach-v3,141.9714868297387,13.370249234179356
MiniGrid-DoorKey-16x16,145.50719563759512,13.641816873264863
MiniGrid-FourRooms,147.5306057095652,12.833789457861155
